date,project,workspace,start_time,end_time,hours,source,description,evidence,part,parts_total
2026-07-22,hajiyanto-pci,calendar:primary,09:00,09:30,0.5,calendar,"Calendar meeting for project `hajiyanto-pci`: participated in ""Daily standup — delivery sync"" (09:00–09:30 Asia/Jakarta). Location/channel: Google Meet. Attendees: hajiyanto@portcities.net, team@example.com. Agenda and discussion notes: Review blockers, prioritize IDX screener Telegram bot tasks, confirm EOD alert schedule and GitHub Actions secrets setup. Outcomes from this block include alignment on priorities, clarification of requirements/blockers, and agreed next actions for delivery follow-up.",gcal:meet-standup-2026-07-22 | Daily standup — delivery sync | 2026-07-22T09:00:00+07:00 → 2026-07-22T09:30:00+07:00,1,1
2026-07-23,hajiyanto-pci,/workspace,03:26,04:26,1.0,git,"Project workspace `hajiyanto-pci`: continued hands-on engineering on the active codebase, covering implementation, validation, and remote synchronization for the workstream reflected by commits [66ade088, 2b37b7ed]. Primary delivery focus included Add IDX stock screener with volume breakout alerts; Recommend EOD alerts and add morning/midday modes. Activities in this block spanned requirements clarification with AI-assisted prompts, iterative coding against `origin/cursor/stock-screener-alerts-8093, origin/cursor/weekly-activity-agent-b804`, local verification of behavior, and preparing/pushing changes for review. Observed code churn in-scope for this segment: approximately +1275/-62 lines across the touched files. Commit timestamps (local Asia/Jakarta) clustered around 03:51–04:04. Documentation of intent was kept aligned with the commit messages to support traceability for weekly timesheet reporting and stakeholder status updates.",66ade088 Add IDX stock screener with volume breakout alerts; 2b37b7ed Recommend EOD alerts and add morning/midday modes,1,1
2026-07-23,hajiyanto-pci,/workspace,05:27,06:27,1.0,git,"Project workspace `hajiyanto-pci`: continued hands-on engineering on the active codebase, covering implementation, validation, and remote synchronization for the workstream reflected by commits [ff0ccbed, b6fe7060, 3d958755, 841ae22b, a4e3bc70, +1 more]. Primary delivery focus included Add Telegram/WhatsApp alerts with accumulation checklist; Add --get-chat-id helper for Telegram setup; Clarify Telegram chat_id setup steps in docs; Allow manual --chat-id for Telegram setup; and 2 related follow-up changes. Activities in this block spanned requirements clarification with AI-assisted prompts, iterative coding against `origin/cursor/stock-screener-alerts-8093, origin/cursor/weekly-activity-agent-b804`, local verification of behavior, and preparing/pushing changes for review. Observed code churn in-scope for this segment: approximately +1369/-225 lines across the touched files. Commit timestamps (local Asia/Jakarta) clustered around 05:52–06:24 (segment 1/2 of a longer delivery block; each timesheet line capped at 2 hours for billing clarity). Documentation of intent was kept aligned with the commit messages to support traceability for weekly timesheet reporting and stakeholder status updates.",ff0ccbed Add Telegram/WhatsApp alerts with accumulation checklist; b6fe7060 Add --get-chat-id helper for Telegram setup; 3d958755 Clarify Telegram chat_id setup steps in docs; 841ae22b Allow manual --chat-id for Telegram setup; a4e3bc70 Add --as-of kemarin for previous-session stock analysis; 5d1bf382 Add multi-factor formula and GitHub Actions online runs,1,2
2026-07-23,hajiyanto-pci,/workspace,06:27,07:42,1.25,git,"Project workspace `hajiyanto-pci`: continued hands-on engineering on the active codebase, covering implementation, validation, and remote synchronization for the workstream reflected by commits [99b9928e, dce0ff67, 87e6897c, c4205e6c, 4263a097, +2 more]. Primary delivery focus included Add interactive Telegram bot commands for dated scans; Clarify GitHub Actions secret name format in docs; Support natural-language dates in Telegram bot chats; Add SL/TP suggestions and 09:10 plus session-break schedules; and 3 related follow-up changes. Activities in this block spanned requirements clarification with AI-assisted prompts, iterative coding against `origin/cursor/stock-screener-alerts-8093, origin/cursor/weekly-activity-agent-b804`, local verification of behavior, and preparing/pushing changes for review. Observed code churn in-scope for this segment: approximately +1957/-187 lines across the touched files. Commit timestamps (local Asia/Jakarta) clustered around 06:29–07:15 (segment 2/2 of a longer delivery block; each timesheet line capped at 2 hours for billing clarity). Documentation of intent was kept aligned with the commit messages to support traceability for weekly timesheet reporting and stakeholder status updates.",99b9928e Add interactive Telegram bot commands for dated scans; dce0ff67 Clarify GitHub Actions secret name format in docs; 87e6897c Support natural-language dates in Telegram bot chats; c4205e6c Add SL/TP suggestions and 09:10 plus session-break schedules; 4263a097 Mention SL/TP and schedule times in bot help text; 23c574ae Add single-stock Telegram analysis with decision advice,2,2
2026-07-23,hajiyanto-pci,calendar:primary,10:00,11:00,1.0,calendar,"Calendar meeting for project `hajiyanto-pci`: participated in ""Client sync: stock screener + Telegram alerts"" (10:00–11:00 Asia/Jakarta). Location/channel: Zoom. Attendees: hajiyanto@portcities.net, client@example.com. Agenda and discussion notes: Walk through volume breakout screening criteria, notification channels (Telegram/WhatsApp), SL/TP suggestions, and next iteration for natural-language chat intents. Outcomes from this block include alignment on priorities, clarification of requirements/blockers, and agreed next actions for delivery follow-up.",gcal:meet-client-2026-07-23 | Client sync: stock screener + Telegram alerts | 2026-07-23T10:00:00+07:00 → 2026-07-23T11:00:00+07:00,1,1
2026-07-24,hajiyanto-pci,calendar:primary,13:00,14:30,1.5,calendar,"Calendar meeting for project `hajiyanto-pci`: participated in ""Technical design: hajiyanto-pci NLU + IHSG outlook"" (13:00–16:00 Asia/Jakarta). Location/channel: Google Meet. Attendees: hajiyanto@portcities.net, eng@example.com, qa@example.com. Agenda and discussion notes: Deep-dive session on agent-style intent parsing before stock tools, Stochastic/bandarmology presets, messy-prompt tolerance, and Yahoo macro/news enrichment for IHSG questions. Outcomes from this block include alignment on priorities, clarification of requirements/blockers, and agreed next actions for delivery follow-up. This timesheet line is segment 1/2 of a longer meeting (each line capped at 2 hours).",gcal:meet-deep-2026-07-24 | Technical design: hajiyanto-pci NLU + IHSG outlook | 2026-07-24T13:00:00+07:00 → 2026-07-24T16:00:00+07:00,1,2
2026-07-24,hajiyanto-pci,calendar:primary,14:30,16:00,1.5,calendar,"Calendar meeting for project `hajiyanto-pci`: participated in ""Technical design: hajiyanto-pci NLU + IHSG outlook"" (13:00–16:00 Asia/Jakarta). Location/channel: Google Meet. Attendees: hajiyanto@portcities.net, eng@example.com, qa@example.com. Agenda and discussion notes: Deep-dive session on agent-style intent parsing before stock tools, Stochastic/bandarmology presets, messy-prompt tolerance, and Yahoo macro/news enrichment for IHSG questions. Outcomes from this block include alignment on priorities, clarification of requirements/blockers, and agreed next actions for delivery follow-up. This timesheet line is segment 2/2 of a longer meeting (each line capped at 2 hours).",gcal:meet-deep-2026-07-24 | Technical design: hajiyanto-pci NLU + IHSG outlook | 2026-07-24T13:00:00+07:00 → 2026-07-24T16:00:00+07:00,2,2
2026-07-24,hajiyanto-pci,/workspace,16:00,16:15,0.25,git,"Project workspace `hajiyanto-pci`: continued hands-on engineering on the active codebase, covering implementation, validation, and remote synchronization for the workstream reflected by commits [878ec79f]. Primary delivery focus included Fix hari-ini chat misread as ticker and harden bot polling. Activities in this block spanned requirements clarification with AI-assisted prompts, iterative coding against `origin/cursor/stock-screener-alerts-8093, origin/cursor/weekly-activity-agent-b804`, local verification of behavior, and preparing/pushing changes for review. Observed code churn in-scope for this segment: approximately +65/-26 lines across the touched files. Commit timestamps (local Asia/Jakarta) clustered around 14:24–14:24. Documentation of intent was kept aligned with the commit messages to support traceability for weekly timesheet reporting and stakeholder status updates.",878ec79f Fix hari-ini chat misread as ticker and harden bot polling,1,1
2026-07-26,hajiyanto-pci,/workspace,07:42,08:27,0.75,git,"Project workspace `hajiyanto-pci`: continued hands-on engineering on the active codebase, covering implementation, validation, and remote synchronization for the workstream reflected by commits [346956e6, 6c2801c9]. Primary delivery focus included Add weekly activity agent for prompts, commits, and pushes; Add multi-project weekly timesheet agent (max 2h/line). Activities in this block spanned requirements clarification with AI-assisted prompts, iterative coding against `origin/cursor/stock-screener-alerts-8093, origin/cursor/weekly-activity-agent-b804`, local verification of behavior, and preparing/pushing changes for review. Observed code churn in-scope for this segment: approximately +1879/-68 lines across the touched files. Commit timestamps (local Asia/Jakarta) clustered around 08:07–08:11. Documentation of intent was kept aligned with the commit messages to support traceability for weekly timesheet reporting and stakeholder status updates.","346956e6 Add weekly activity agent for prompts, commits, and pushes; 6c2801c9 Add multi-project weekly timesheet agent (max 2h/line)",1,1
2026-07-25,Internal / Meetings,calendar:primary,15:00,15:45,0.75,calendar,"Calendar meeting for project `Internal / Meetings`: participated in ""1:1 weekly coaching"" (15:00–15:45 Asia/Jakarta). Location/channel: Offline. Attendees: hajiyanto@portcities.net, manager@example.com. Agenda and discussion notes: Career and delivery coaching: workload balance, timesheet discipline, and prioritization across active workspaces under /home/haji/git. Outcomes from this block include alignment on priorities, clarification of requirements/blockers, and agreed next actions for delivery follow-up.",gcal:meet-1on1-2026-07-25 | 1:1 weekly coaching | 2026-07-25T15:00:00+07:00 → 2026-07-25T15:45:00+07:00,1,1
